state,lga,name_school,latitude_north,longitude_east,ward,number_and_street,code_school,name_type_sector,name_type_location,name_type_school,shift_system_y_n,name_type_water_source,name_type_health_facility,any_classes_held_outside_y_n,shared_facilities_y_n,multi_grade_y_n,name_type_year,male_enrol,female_enrol,total erlrolment
GOMBE,GOMBE,UBAYYU BN KAAB ACADEMY GOMBE,10.29564,11.190574,BAJOGA,LINE NIDO,1160140255,Private Education,Urban,Islamiyya integrated,No,Pipe borne Water,First Aid Kit,,Yes,,2020/2021,91,73,164
GOMBE,GOMBE,PANTAMI PRIIMARY SCH.,,,PANTAMI WARD,"ALONG HIGH COURT ROAD, GOMBE",1160610001,Pre-Primary and Primary,Urban,Regular,Yes,Borehole,First Aid Kit,No,Yes,No,2020/2021,3461,3385,6846
GOMBE,GOMBE,YELONGURUZA NURSERY AND PRI.  SCH.,10.27396,11.191213,YOLONGURUZA,ALONG OLD KWATA ROAD YOLON GURUZA GOMBE,1160610002,Pre-Primary and Primary,Urban,Regular,No,Other,First Aid Kit,No,Yes,Yes,2020/2021,1216,1013,2229
GOMBE,GOMBE,ABUBAKAR UMAR MEM. P. S.,10.274245,11.185629,BOLARI EAST,"INSIDE ARMY BARRACK NEAR MAMY MARKET, GOMBE",1160610003,Pre-Primary and Primary,Urban,Regular,No,Borehole,First Aid Kit,No,Yes,No,2020/2021,956,1047,2003
GOMBE,GOMBE,NASARAWO PRI. SCH.,10.2879,11.2159,NASSARAWO,GOMBE,1160610005,Pre-Primary and Primary,Urban,Regular,No,No Source of Safe Water,First Aid Kit,No,No,No,2020/2021,1009,1104,2113
GOMBE,GOMBE,GABUKKA PRI. SCH,10.275675,11.14744,PANTAMI,"GABUKKA ALONG COMMISSIONER OF POLICE RESIDENT, GOMBE",1160610006,Pre-Primary and Primary,Urban,Regular,No,Borehole,First Aid Kit,No,Yes,No,2020/2021,1854,1849,3703
GOMBE,GOMBE,JALO WAZIRI PRI. SCH.,10.291117,11.171115,DAWAKI,"JEKADAFARI QUATERS, GOMBE",1160610007,Pre-Primary and Primary,Urban,Regular,Yes,Borehole,First Aid Kit,No,Yes,No,2020/2021,1280,1373,2653
GOMBE,GOMBE,KAMARA PRI. SCH.,10.277256,11.177448,BOLARI  EAST,ALONG YUSUF SULE MAI TAMA GOMBE,1160610008,Pre-Primary and Primary,Urban,Regular,No,Pipe borne Water,First Aid Kit,No,Yes,Yes,2020/2021,1639,1720,3359
GOMBE,GOMBE,MUA'ZU PRI. SCH.,10.282721,11.16439,BOLARI,BEHIND GOMBE TOWNSHIP STADIUM,1160610009,Pre-Primary and Primary,Urban,Regular,No,Borehole,First Aid Kit,No,Yes,No,2020/2021,2165,2300,4465
GOMBE,GOMBE,MANAWASHI PRI. SCH.,10.270399,11.177336,PANTAMI,OPPOSITE MAKABARTAN ALH. DA'U,1160610010,Pre-Primary and Primary,Urban,Regular,Yes,No Source of Safe Water,First Aid Kit,No,No,No,2020/2021,1016,982,1998
GOMBE,GOMBE,JAURO TUDUN WADA SCIENCE AND  PRIMARY  SCHOOL,10.2841,11.1653,SHAMAKI,ADJACENT GOMBE STATE UNIVERSITY GOMBE,1160610011,Pre-Primary and Primary,Urban,Regular,No,Borehole,First Aid Kit,No,Yes,No,2020/2021,1446,1506,2952
GOMBE,GOMBE,MODEL PRI. SCH.,10182526.0,1110257.0,SHAMAKI,GOMBE,1160610012,Pre-Primary and Primary,Urban,Regular,Yes,Borehole,First Aid Kit,Yes,Yes,No,2020/2021,2221,2264,4485
GOMBE,GOMBE,ORJI PRI. SCH.,10.29443,11.127443,BUBA SHONGO,GOMBE,1160610013,Pre-Primary and Primary,Urban,Regular,No,Pipe borne Water,First Aid Kit,No,Yes,No,2020/2021,558,637,1195
GOMBE,GOMBE,H/GANA PRI SCH.,10.284743,11.177363,HERWAGANA,GOMBE,1160610014,Pre-Primary and Primary,Urban,Regular,No,Borehole,First Aid Kit,No,Yes,No,2020/2021,626,729,1355
GOMBE,GOMBE,USMAN` MEM. P.S,10.29407,11.169938,SHAMAKI,GOMBE,1160610015,Pre-Primary and Primary,Urban,Regular,No,No Source of Safe Water,First Aid Kit,No,Yes,Yes,2020/2021,174,199,373
GOMBE,GOMBE,JEKADAFARI PRIMARY SCHOOL,10.285051,11.154099,JEKADAFARI,OPPOSITE OSTRICH JEKADAFARI GOMBE,1160610016,Pre-Primary and Primary,Urban,Regular,Yes,Pipe borne Water,First Aid Kit,No,No,Yes,2020/2021,1604,1755,3359
GOMBE,GOMBE,KAGARAWAL NOMADIC   PRIMARY,10.303452,11.190005,SHAMAKI,NEAR OLD KAGARAWAL,1160610017,Pre-Primary and Primary,Rural,Nomadic (Migrants),Yes,Pipe borne Water,First Aid Kit,No,Yes,No,2020/2021,1163,1166,2329
GOMBE,GOMBE,BUBAYERO PRIMARY SCHOOL,10.2894,11.17037,DAWAKI,ALONG EMIR'S PALACE DRIVE GOMBE,1160610018,Pre-Primary and Primary,Urban,Regular,No,Pipe borne Water,First Aid Kit,No,No,No,2020/2021,1010,997,2007
GOMBE,GOMBE,IDI` PRIMARY` SCH.,10.293585,11.1784,BAJOGA WARD,OPPOSITE IDI PRAYING GROUND GOMBE,1160610019,Pre-Primary and Primary,Urban,Regular,Yes,Borehole,First Aid Kit,No,Yes,No,2020/2021,2458,2346,4804
GOMBE,GOMBE,KARANGADA,10.299387,11.162886,SHAMAKI  WARD,"ALONG DUKKU ROAD, GOMBE",1160610020,Pre-Primary and Primary,Urban,Regular,No,Pipe borne Water,First Aid Kit,No,No,No,2020/2021,1168,1093,2261
GOMBE,GOMBE,T/WADA PANTAMI NURSERY AND PRIMARY SCHOOL,10.26975,11.174348,PANTAMI,TUDUN WADAN  PANTAMI,1160610021,Pre-Primary and Primary,Urban,Regular,No,Borehole,First Aid Kit,No,No,No,2020/2021,1564,1595,3159
GOMBE,GOMBE,LIMAN,10.302853,11.771115,SHAMAKI,GOMBE,1160610022,Pre-Primary and Primary,Urban,Regular,No,Pipe borne Water,First Aid Kit,No,Yes,Yes,2020/2021,499,510,1009
GOMBE,GOMBE,HASSAN` CENTRAL,,,HERWAGANA,GOMBE,1160610023,Pre-Primary and Primary,Urban,Regular,Yes,Borehole,First Aid Kit,No,Yes,No,2020/2021,2805,2619,5424
GOMBE,GOMBE,FAMILY` SUPPORT,10.1827,11.101,SHAMAKI WARD,"BEHIND GOVERNMENT ARABIC COLLEGE, GOMBE",1160610024,Pre-Primary and Primary,Urban,Regular,Yes,Pipe borne Water,First Aid Kit,No,Yes,No,2020/2021,1008,953,1961
GOMBE,GOMBE,GANDU PRIMARY SCHOOL,11.17218,10.29798,SHAMAKI,GOMBE,1160610025,Pre-Primary and Primary,Urban,Regular,No,Borehole,First Aid Kit,No,No,No,2020/2021,663,651,1314
GOMBE,GOMBE,BUHARI` ESTATE NURSERY AND PRI. SCH.,10.253674,11.167542,PANTAMI,"BUHARI HOUISING ESTATE ALONG POLICE COMMISSIONER'S RESIDENCE, GOMBE",1160610026,Pre-Primary and Primary,Urban,Regular,Yes,Borehole,First Aid Kit,No,Yes,No,2020/2021,573,718,1291
GOMBE,GOMBE,SABON GARIN NASARAWO,10.45828,11.52332,NASSARAWO,LAYIN MAI UNGUWA SABON GARI NASARAWO GOMBE,1160610027,Pre-Primary and Primary,Urban,Regular,No,No Source of Safe Water,First Aid Kit,No,Yes,No,2020/2021,762,851,1613
GOMBE,GOMBE,WURO LADDE NOMADIC NUR AND PRIMARY SCHOOL,,,SHAMAKI,"BEHIND FCE(T), ALONG GURAMA QUARTERS ROAD",1160610028,Pre-Primary and Primary,Urban,Nomadic (Migrants),No,Borehole,First Aid Kit,No,No,No,2020/2021,596,545,1141
GOMBE,GOMBE,MALAM INNA,103077.0,111728.0,SHAMAKI,GOMBE,1160610029,Pre-Primary and Primary,Urban,Regular,Yes,No Source of Safe Water,First Aid Kit,No,No,No,2020/2021,1008,1054,2062
GOMBE,GOMBE,JAURO` GOTEL  NOMADIC PRIMARY SCHOOL GOMBE,10.29567,11.19361,BAJOGA,UNGUWA UKU BEHIND PZ GOMBE,1160610030,Pre-Primary and Primary,Urban,Regular,No,Borehole,First Aid Kit,No,No,No,2020/2021,844,859,1703
GOMBE,GOMBE,MADAKI     PRIMARY SCHOOL,11.270034,11.1837252,,"OFF BARUNDE ROAD MADAKI QUATERS, BOLARI EAST GOMBE",1160610031,Pre-Primary and Primary,Urban,Regular,No,Well,First Aid Kit,No,No,No,2020/2021,814,782,1596
GOMBE,GOMBE,ECCDE BUHARI ESTATE,10.235741,11.14462,PANTAMI,"ALONG COMMISSIONER OF POLICE'S HOUSE, GOMBE",1160610071,Pre-Primary and Primary,Urban,Regular,No,No Source of Safe Water,First Aid Kit,No,No,No,2020/2021,76,82,158
GOMBE,GOMBE,TUDUN WADAN JAURO ABARE,10.333312,11.148626,SHAMAKI,"ALONG BAJOGA ROAD,AFTER FCE (T) GOMBE",1160610072,Pre-Primary and Primary,Rural,Nomadic (Migrants),No,No Source of Safe Water,No Health facility,No,No,Yes,2020/2021,73,81,154
GOMBE,GOMBE,ECCDE JEKADAFARI,10.285479,11.152907,JEKADAFARI,JEKADAFARI ROAD NEAR BAPTIST CHURCH,1160610073,Pre-Primary and Primary,Urban,Regular,No,Other,First Aid Kit,No,No,No,2020/2021,97,122,219
GOMBE,GOMBE,JAURO ABARE PRIMARY SCHOOL,10.3,11.159,BAJOGA WARD,"KORAN ZAKI  BEHIND GAC, GOMBE",1160610074,Pre-Primary and Primary,Urban,Regular,No,No Source of Safe Water,No Health facility,No,Yes,Yes,2020/2021,182,183,365
GOMBE,GOMBE,SPECIAL EDUCATION CENTRE GOMBE PRIMARY SECTION,10.30186,11.160816,SHAMAKI,ADJACENT CERC LONDON MAI DORUWA MUSABA JUNCTION,1160610076,Pre-Primary and Primary,Urban,Special needs,No,Other,Health Clinic,No,No,No,2020/2021,158,64,222
GOMBE,GOMBE,SABON GARIN JAURO ABARE PRIMARY SCHOOL GOMBE,10321250.0,11134775.0,SHAMAKI,OPPOSITE JIBWIS,1160610077,Pre-Primary and Primary,Urban,Nomadic (Migrants),No,No Source of Safe Water,First Aid Kit,Yes,No,No,2020/2021,30,28,58
GOMBE,GOMBE,EARLY CHILD CARE DEVELOPMENT EDUCATION TUDUN WADA,10.302853,11.171115,TUDUN WADA SHAMAKI,INSIDE JAURO PRIMARY SCHOOL TUDUN WADA GOMBE,1160610079,Pre-Primary and Primary,Urban,Regular,No,Pipe borne Water,First Aid Kit,No,Yes,No,2020/2021,38,39,77
GOMBE,GOMBE,IDI 2 MODEL NURSERY AND PRIMARY SCHOOL GOMBE,10.30061,11.1794,SHAMAKI,ALONG GWAMNAN YOBE STREET OPP. GCDSS GOMBE,1160610080,Pre-Primary and Primary,Urban,Regular,Yes,Pipe borne Water,First Aid Kit,No,No,Yes,2020/2021,428,424,852
GOMBE,GOMBE,POLICE CHILDREN SCHOOL 1 JEKADAFARI,10.286683,11.152237,JEKADAFARI,JEKADAFARI,1160610081,Pre-Primary and Primary,Urban,Regular,No,No Source of Safe Water,First Aid Kit,No,Yes,No,2020/2021,178,150,328
GOMBE,GOMBE,POLICE CHILDREN SCHOOL II GOMBE,10.29429,11.16292,AJIYA,DUKKU ROAD,1160610082,Pre-Primary and Primary,Urban,Regular,No,Pipe borne Water,First Aid Kit,No,Yes,No,2020/2021,199,172,371
GOMBE,GOMBE,ALKAHIRAN JAURO ABARE PRIMARY SCHOOL GOMBE,,,SHAMAKI,ALKAHIRA STREET BEHIND FCE BORE HOLE  GOMBE,1160610083,Pre-Primary and Primary,Urban,Regular,No,No Source of Safe Water,No Health facility,No,No,Yes,2020/2021,35,48,83
GOMBE,GOMBE,GJSS GABUKKA,10.165231,11.165141,PANTAMI WARD,GABUKKA QUARTERS GOMBE,1160620001,Junior Secondary,Urban,Regular,Yes,Pipe borne Water,First Aid Kit,No,Yes,Yes,2020/2021,1101,1082,2183
GOMBE,GOMBE,GJSSS GOMBE,,,JEKADAFARI,BEHIND SPECIALIST HOSPITAL GOMBE,1160620002,Junior Secondary,Urban,Regular,No,No Source of Safe Water,Health Clinic,No,No,No,2020/2021,200,0,200
GOMBE,GOMBE,GJSS T/WADAN PANTAMI,,,PANTAMI,"MAI UNGUWA STREET, DOGON KARFE",1160620003,Junior Secondary,Urban,Regular,Yes,No Source of Safe Water,No Health facility,No,No,No,2020/2021,366,381,747
GOMBE,GOMBE,GJSS ORJI ESTATE,,,,ORJI QUARTERS ALONG GOMBE BAUCHI ROAD,1160620004,Junior Secondary,Urban,Regular,No,No Source of Safe Water,First Aid Kit,No,Yes,Yes,2020/2021,283,346,629
GOMBE,GOMBE,GJSS IDI GOMBE,10.2942424,11.177895,BAJOGA WARD,"BAJOGA WARD, OPPOSITE IDI GROUND",1160620005,Junior Secondary,Urban,Regular,No,Borehole,First Aid Kit,No,Yes,No,2020/2021,938,879,1817
GOMBE,GOMBE,GJSS JEKADAFARI,10.286021,11.153415,JEKADAFARI,BEHIND JEKADAFARI PRIMARY SCHOOL,1160620006,Junior Secondary,Urban,Regular,No,Pipe borne Water,First Aid Kit,No,No,Yes,2020/2021,478,506,984
GOMBE,GOMBE,GJSS KAGARAWAL,10.3033,11.189,SHAMAKI WARD,BEHIND KAGARAWAL,1160620007,Junior Secondary,Urban,Regular,No,Pipe borne Water,No Health facility,,No,Yes,2020/2021,344,276,620
GOMBE,GOMBE,GDJSS YELENGURUZA,10274063.0,11191000.0,NASARAWO,NEAR OLD KWATA AREA,1160620008,Junior Secondary,Urban,Regular,No,No Source of Safe Water,First Aid Kit,No,Yes,No,2020/2021,294,294,588
GOMBE,GOMBE,GOVERNMENT JUNIOR SECONDARY SCHOOL M/INNA,10.309194,11.178578,SHAMAKI,"BEHIND GSU, MALLAM INNA QUARTERS, GOMBE",1160620009,Junior Secondary,Urban,Regular,No,No Source of Safe Water,First Aid Kit,No,Yes,No,2020/2021,450,430,880
GOMBE,GOMBE,GJSS MU'AZU,10276184.0,11170502.0,BOLARI,BEHIND PANTAMI STADIUM,1160620010,Junior Secondary,Urban,Regular,No,Borehole,First Aid Kit,No,No,No,2020/2021,481,755,1236
GOMBE,GOMBE,GDJSS NASARAWO,10.284577,11.214222,NASSARAWO,NEAR CENTRAL MOSQUE NASSARAWO,1160620012,Junior Secondary,Urban,Regular,No,Other,First Aid Kit,No,No,Yes,2020/2021,337,366,703
GOMBE,GOMBE,GJSS HASSAN CENTRAL,,,HERWAGANA,"ALONG BIU ROAD, HERWAGANA",1160620013,Junior Secondary,Urban,Regular,Yes,Borehole,First Aid Kit,No,Yes,Yes,2020/2021,1350,1316,2666
GOMBE,GOMBE,GJSS BUHARI ESTATE,,,,"BUHARI ESTATE QUATERS OLD GRA, GOMBE",1160620014,Junior Secondary,Urban,Regular,No,Other,First Aid Kit,No,Yes,Yes,2020/2021,513,419,932
GOMBE,GOMBE,GDJSS PILOT GOMBE,10.3,11.1,SHAMAKI WARD,ALONG DUKKU ROAD,1160620015,Junior Secondary,Urban,Regular,Yes,Borehole,First Aid Kit,No,No,Yes,2020/2021,638,528,1166
GOMBE,GOMBE,GDJSS BOLARI EAST,10.27502,11.18338,BOLARI EAST,ARMY BARRACKS   NEAR MAMI MARKET,1160620016,Junior Secondary,Urban,Regular,No,Borehole,First Aid Kit,,Yes,No,2020/2021,929,870,1799
GOMBE,GOMBE,GJSS JALO WAZIRI,10.29,11.165,DAWAKI  JEKADAFARI,"NEAR PILGRIMS WELFARE BOARD, DAWAKI QUARTERS",1160620017,Junior Secondary,Urban,Regular,No,Borehole,First Aid Kit,No,Yes,Yes,2020/2021,435,369,804
GOMBE,GOMBE,GDJSS HERWAGANA,10.28,11.17,HERWAGANA,BEHIND SAINT JAMES CATHOLIC CHURCH (COCIN FADA) HERWAGANA,1160620018,Junior Secondary,Urban,Regular,Yes,No Source of Safe Water,First Aid Kit,,Yes,No,2020/2021,753,489,1242
GOMBE,GOMBE,GJSS  JAURO TUDUN WADA GOMBE,,,SHAMAKI WARD,NEAR GOMBE STATE UNIVERSITY,1160620019,Junior Secondary,Urban,Regular,No,Borehole,First Aid Kit,No,Yes,No,2020/2021,1000,854,1854
GOMBE,GOMBE,GJSS PANTAMI,10.267,11.1668,,ALONG  PANTAMI ROAD,1160620020,Junior Secondary,Urban,Regular,No,No Source of Safe Water,First Aid Kit,No,Yes,No,2020/2021,1175,1095,2270
GOMBE,GOMBE,GJAC GOMBE,10.29119,1115675.0,SHAMAKI,"KASUWAN MATA, TUDUN WADA, GOMBE",1160620021,Junior Secondary,Urban,Regular,No,Borehole,First Aid Kit,No,Yes,No,2020/2021,347,390,737
GOMBE,GOMBE,GJSS GANDU GOMBE,10.297069,11.174443,SHAMAKI,OFF FORMER YOBE STATE GOVERNOR'S HOUSE,1160620022,Junior Secondary,Urban,Regular,No,Well,First Aid Kit,No,No,Yes,2020/2021,1368,1347,2715
GOMBE,GOMBE,GDCJSS GOMBE,10.2980433,11.1821412,SHAMAKI,BEHIND GSU,1160620023,Junior Secondary,Urban,Regular,No,Borehole,First Aid Kit,No,Yes,Yes,2020/2021,496,420,916
GOMBE,GOMBE,GJAC GOMBE 2,10.29119,11.15675,SHAMAKI,PDP STREET SAME PREMISES WITH GJAC 1,1160620025,Junior Secondary,Urban,Regular,No,Borehole,First Aid Kit,No,Yes,No,2020/2021,180,237,417
GOMBE,GOMBE,GJSS SPECIAL EDUCATION CENTRE,,,BAJOGA WARD,"ALONG DUKKU ROAD, BEHIND MUSABA HOSPITAL",1160620026,Junior Secondary,Urban,Regular,No,No Source of Safe Water,First Aid Kit,No,No,No,2020/2021,112,50,162
GOMBE,GOMBE,GJSS SABON GARIN NASARAWO,10.45838,11.52333,NASARAWO,NO. 22 BEHIND RAILWAY JUNCTION NASARAWO GOMBE,1160620029,Junior Secondary,Urban,Regular,No,Other,First Aid Kit,No,Yes,No,2020/2021,162,130,292
GOMBE,GOMBE,GAC I GOMBE,10.306525,11.166115,SHAMAKI,"NEAR KASUWAN MATA, PDP STREET",1160630001,Senior Secondary,Urban,Regular,No,Borehole,Health Clinic,No,Yes,No,2020/2021,538,320,858
GOMBE,GOMBE,GAC GOMBE II,10.29119,11.15675,SHAMAKI,OFF TASHAN DUKKU,1160630002,Senior Secondary,Urban,Regular,No,Borehole,Health Clinic,No,Yes,No,2020/2021,376,284,660
GOMBE,GOMBE,GCDSS GOMBE,10.297411,11.172417,SHAMAKI,ALONG FORMER YOBE GOVERNOR'S HOUSE,1160630003,Senior Secondary,Urban,Regular,No,Borehole,First Aid Kit,No,No,No,2020/2021,889,391,1280
GOMBE,GOMBE,GDSS BOLARI EAST,10274307.0,11185351.0,MANAWASHI,"OFF BI'U ROAD, ARMY BARRACKS GOMBE",1160630004,Senior Secondary,Urban,Regular,No,Borehole,First Aid Kit,No,No,No,2020/2021,807,567,1374
GOMBE,GOMBE,GDSS GANDU,10292040.0,11173619.0,SHAMAKI WARD,TUDUN WADA,1160630005,Senior Secondary,Urban,Regular,No,No Source of Safe Water,First Aid Kit,No,No,No,2020/2021,1216,974,2190
GOMBE,GOMBE,GDSS HERWAGANA,10.28448,11.17688,HERWAGANA  GOMBE,BEHIND NNPC MEGA,1160630006,Senior Secondary,Urban,Regular,No,Borehole,First Aid Kit,No,Yes,No,2020/2021,1237,615,1852
GOMBE,GOMBE,GDSS NASARAWO,10.28487,11.214102,,NASARAWO WARD BCGA GOMBE,1160630007,Senior Secondary,Urban,Regular,No,Other,First Aid Kit,No,Yes,No,2020/2021,495,270,765
GOMBE,GOMBE,GDSS ORJI ESTATE,10.173036,11.7363,JEKADAFARI,"ORJI ESTATE, GOMBE  BAUCHI ROAD",1160630008,Senior Secondary,Urban,Regular,No,Pipe borne Water,First Aid Kit,No,No,No,2020/2021,350,291,641
GOMBE,GOMBE,GDSS PANTAMI,10.268122,11.166912,PANTAMI WARD,PANTAMI QUARTERS,1160630009,Senior Secondary,Urban,Regular,No,Borehole,First Aid Kit,No,No,No,2020/2021,1225,938,2163
GOMBE,GOMBE,GDSS PILOT GOMBE,10.1808,11.914459,SHAMAKI,OPPOSITE POLICE AREA COMMAND GOMBE,1160630010,Senior Secondary,Urban,Regular,Yes,Borehole,First Aid Kit,No,Yes,No,2020/2021,1261,860,2121
GOMBE,GOMBE,GDSS SHEHU ABUBAKAR,10.27556,11.169718,PANTAMI,BEHIND GOMBE TOWNSHIP STADIUM,1160630011,Senior Secondary,Urban,Regular,No,Borehole,First Aid Kit,No,No,No,2020/2021,355,273,628
GOMBE,GOMBE,GOVERNMENT SCIENCE SECONDAR SCHOOL GOMBE I,1028778.0,1115618.0,JEKADAFARI GOMBE,ADJACENT SPECIALIST HOSPITAL,1160630012,Senior Secondary,Urban,Regular,No,No Source of Safe Water,First Aid Kit,No,No,No,2020/2021,892,0,892
GOMBE,GOMBE,GOVT DAY SCIENCE SECONDARY SCHOOL (SCIENCE II) GOMBE,10.288917,11.149186,JEKADAFARI,"ADJACENT CIVIL SERVICE COMMISSION, BUBA SHONGO QUARTERS",1160630013,Senior Secondary,Urban,Regular,No,Borehole,Health Clinic,No,No,No,2020/2021,1128,1005,2133
GOMBE,GOMBE,SPECIAL EDUCATION CENTRE GOMBE SENIOR SECTION,10301860.0,1116086.0,SHAMAKI,ADJACENT CERC LONDON MAI DORUWA MUSABA JUNCTION,1160630014,Senior Secondary,Urban,Regular,No,No Source of Safe Water,First Aid Kit,No,No,No,2020/2021,102,40,142
GOMBE,GOMBE,GCDSS AHMADU GOMBE,10.28616,11.153549,JEKADAFARI,JEKADAFARI  STREET,1160630015,Senior Secondary,Urban,Regular,No,No Source of Safe Water,First Aid Kit,No,No,No,2020/2021,371,192,563
GOMBE,GOMBE,GOVERNMENT COMPREHENSIVE DAY SECONDARY SCHOOL GABUKKA,10.271996,11.16339,PANTAMI,ALONG COMMISSIONNER OF POLICE RESIDENCE,1160630016,Senior Secondary,Urban,Regular,Yes,Pipe borne Water,First Aid Kit,No,Yes,Yes,2020/2021,944,901,1845
GOMBE,GOMBE,HASSAN CENTRAL SENIOR SECONDARY SCHOOL,10.287,11.1683,HERWAGANA,ALONG SABON LAYI BIU ROAD,1160630017,Senior Secondary,Urban,Regular,No,No Source of Safe Water,First Aid Kit,No,No,No,2020/2021,1035,1049,2084
GOMBE,GOMBE,GDSS JALO WAZIRI,,,DAWAKI,NEAR SARKIN BODOR RESIDENCE JANKAI,1160630018,Senior Secondary,Urban,Regular,Yes,Borehole,First Aid Kit,No,Yes,No,2020/2021,541,360,901
GOMBE,GOMBE,DESTINY HILL N/P SCH.,10.30179,11.14842,SHAMAKI,"FEDERAL LOWCOST, GOMBE",1160640003,Private Education,Urban,Regular,No,Pipe borne Water,First Aid Kit,,No,,2020/2021,137,165,302
GOMBE,GOMBE,GREEN WOOD INTERNATIONAL SCH.,10.280399,11.147882,,"FEDERAL LOWCOST, GOMBE",1160640004,Private Education,Urban,Regular,No,Pipe borne Water,First Aid Kit,,No,,2020/2021,84,80,164
GOMBE,GOMBE,KIDS WINDOW NUR/PRI SCHOOL,10.174375,11.83264,SHAMAKI,"FEDERAL LOWCOST, GOMBE",1160640005,Private Education,Urban,Regular,No,Borehole,First Aid Kit,,No,,2020/2021,177,195,372
GOMBE,GOMBE,WOSEM GODLY CHILDREN INTERNATIONAL SCHOOL NASSARAWO,,,NASSARAWO,NEAR ZENITH INTERNATIONAL SCHOOL NASSARAWO,1160640010,Private Education,Urban,Regular,No,Pipe borne Water,First Aid Kit,,No,,2020/2021,38,41,79
GOMBE,GOMBE,COURAGEOUS NUR/PRI SCHOOL GOMBE,,,,"NASARAWO, AFTER RAILWAY LINE",1160640013,Private Education,Urban,Regular,No,Other,No Health facility,,No,,2020/2021,39,31,70
GOMBE,GOMBE,ZENITH INTN'L SCH. N/P INTEG. COLLEGE,10.281148,11.205183,NASARAWO,"NASARAWO QTRS, GOMBE",1160640015,Private Education,Urban,Regular,No,Other,First Aid Kit,,No,,2020/2021,162,127,289
GOMBE,GOMBE,BETHANY INTN'L NUR/PRI SCHOOL,10.283267,11.215475,NASSARAWO,"NASARAWO QTRS, GOMBE",1160640016,Private Education,Urban,Regular,No,Other,Health Clinic,,No,,2020/2021,175,173,348
GOMBE,GOMBE,JOY ACADEMY GOMBE,10.173176,11.84895,BUBASHONGO,ALONG GOODLUCK JONATHAN ROAD BUBA SHONGO BUBA SHONGO,1160640018,Private Education,Urban,Regular,No,Other,First Aid Kit,,No,,2020/2021,123,121,244
GOMBE,GOMBE,GOOD SHEPHERD NUR/PRI SCH. GOMBE,10.2882,11.164,DAWAKI,"DAWAKI, BEHIND L.G. SECRETARIAT",1160640019,Private Education,Urban,Regular,No,Pipe borne Water,First Aid Kit,,No,,2020/2021,37,42,79
GOMBE,GOMBE,SOLID FOUNDATION ACADEMY N/P,10.279522,11.135637,SHAMAKI,LAFIYAWO MALLAM INNA,1160640021,Private Education,Urban,Regular,No,Pipe borne Water,First Aid Kit,,No,,2020/2021,19,16,35
GOMBE,GOMBE,GOMBE INTN'L NUR/PRI SCHOOL,,,BOLARI WEST,"NEAR MIYETTI MOSQUE, STATE LOWCOST, BOLARI, GOMBE",1160640023,Private Education,Urban,Regular,No,Borehole,First Aid Kit,,No,,2020/2021,369,396,765
GOMBE,GOMBE,SUCCESS NURSERY/PRI /SECONDARY SCHOOL,10.274817,11.161625,PANTAMI WARD,"PANTAMI, GOMBE",1160640024,Private Education,Urban,Regular,No,Pipe borne Water,First Aid Kit,,No,,2020/2021,133,150,283
GOMBE,GOMBE,PEN RESOURCE ACADEMY,10.2796603,11.135473,,"OPPOSITE MAIDUGU GUEST PALACE, NEW GRA, GOMBE",1160640026,Private Education,Urban,Regular,No,Pipe borne Water,First Aid Kit,,No,,2020/2021,548,563,1111
GOMBE,GOMBE,SAVANNAH NUR/PRI SCHOOL,10.27,11.192,BOLARI EAST,"ARMY BARRACKS, ALHERI BREAD JUNCTION, YELENGURUZA",1160640028,Private Education,Urban,Regular,No,Pipe borne Water,Health Clinic,,No,,2020/2021,281,304,585
GOMBE,GOMBE,BLISS SUCCESS   MODEL SCHOOL,10.779,11.186,BOLARI EAST,"NEAR ARMY QUARTER GUARD, BIU ROAD, GOMBE",1160640031,Private Education,Urban,Regular,No,Pipe borne Water,Health Clinic,,No,,2020/2021,113,93,206
GOMBE,GOMBE,PERFECT START NUR/PRI SCHOOL,,,KUMBIYA-KUMBIYA,"KUMBIYA-KUMBIYA QUARTERS, GOMBE",1160640032,Private Education,Urban,Regular,No,Pipe borne Water,First Aid Kit,,No,,2020/2021,98,82,180
GOMBE,GOMBE,HAJARAT NUR/PRI SCHOOL,10.272259,11.177486,ABUJA QUARTERS,ABUJA QTRS,1160640034,Private Education,Urban,Regular,No,Borehole,First Aid Kit,,No,,2020/2021,300,269,569
GOMBE,GOMBE,AL-IMAM NAFI'U ACADEMY SCHOOL,10288058.0,11160777.0,JEKADAFARI,"JEKADAFARI, GOMBE",1160640035,Private Education,Urban,Islamiyya integrated,No,Borehole,First Aid Kit,,No,,2020/2021,111,88,199
GOMBE,GOMBE,STANDARD INTEG. SCH. MANAWACHI,,,MANAWASHI,"MANAWACHI WARD, GOMBE",1160640036,Private Education,Urban,Regular,No,Pipe borne Water,First Aid Kit,,No,,2020/2021,329,295,624
GOMBE,GOMBE,NURUL-HUDA INTERNATIONAL ACADEMY,10.27148,11.18657,GOMBE,NO. 45 ALABURA KUDI STREET NEW GRA GOMBE,1160640040,Private Education,Urban,Regular,No,Pipe borne Water,First Aid Kit,,No,,2020/2021,140,179,319
GOMBE,GOMBE,ILIMI INTERNATIONAL COLLEGE,10.175683,11.916,SHAMAKI,"FEDERAL LOW COST, GOMBE",1160640041,Private Education,Urban,Regular,No,Pipe borne Water,First Aid Kit,,No,,2020/2021,630,541,1171
GOMBE,GOMBE,KANADY ACADEMY,10.287471,11.44232,JEKADAFARI,"NO. 3, DAVID MARK ROAD, BUBA SHONGO",1160640042,Private Education,Urban,Regular,No,Pipe borne Water,No Health facility,,No,,2020/2021,219,228,447
GOMBE,GOMBE,NANA AISHA MEMORIAL ISLAMIYYA SCHOOL GOMBE,10.2870752,11.143403,JEKADAFARI,"DAVID MARK ROAD, GOMBE",1160640043,Private Education,Urban,Islamiyya integrated,No,Borehole,First Aid Kit,,No,,2020/2021,104,118,222
GOMBE,GOMBE,GOMBE GRAMMAR SECONDARY SCHOOL,10.280543,11.20704,NASARAWO,NEAR MAI ANGUWA PAPACE NASARAWO,1160640044,Private Education,Urban,Regular,No,Other,First Aid Kit,,No,,2020/2021,39,42,81
GOMBE,GOMBE,UNIVERSAL SPRING HILL ACADEMY GOMBE,10.28598,11.191872,,NEAR RAILWAY GOMBE,1160640046,Private Education,Urban,Regular,No,Other,First Aid Kit,,No,,2020/2021,103,108,211
GOMBE,GOMBE,ALHERI MODEL HIGH SCHOOL,10.289,11.148,JEKADAFARI,"559, GOODLUCK EBELE J. ROAD, BUBA SHONGO",1160640049,Private Education,Urban,Regular,Yes,Pipe borne Water,First Aid Kit,,No,,2020/2021,260,238,498
GOMBE,GOMBE,KWAINE COMMUNITY SECONDARY SCHOOL,,,BOLARI,A.A. HARUNA STREET,1160640053,Private Education,Urban,Regular,Yes,Pipe borne Water,First Aid Kit,,Yes,,2020/2021,374,343,717
GOMBE,GOMBE,GOMBE CHILDREN AND HIGH SCHOOL,10.279652,11.162008,BOLARI,"BY ALH HABU HASHIDU'S RESIDENCE, GOMBE",1160640054,Private Education,Urban,Regular,No,Pipe borne Water,Health Clinic,,No,,2020/2021,991,922,1913
GOMBE,GOMBE,PACE SETTERS NUR. AND PRI. SCHOOL,,,JEKADAFARI,FEDERAL LOWCOST,1160640055,Private Education,Urban,Regular,No,Other,First Aid Kit,,No,,2020/2021,260,184,444
GOMBE,GOMBE,MARKAZU SCIE SEC SCHOOL GOMBE,10.276411,11.167221,BOLARI,"NO. B69, BEHIND GOMBE TOWNSHIP STADIUM, GOMBE",1160640056,Private Education,Urban,Regular,No,Borehole,First Aid Kit,,Yes,,2020/2021,133,336,469
GOMBE,GOMBE,ST. PETERS NUR/PRI SCHOOL,10.278256,11.177895,BOLARI,"OPPOSITE ST LUKE'S HOSPITAL, BOLARI, GOMBE",1160640057,Private Education,Urban,Regular,No,Borehole,Health Clinic,,No,,2020/2021,169,186,355
GOMBE,GOMBE,BABAYO GOJE ACADEMY,,,PANTAMI,"LATE BABAYO GOJE'S RESIDENCE, PANTAMI, GOMBE",1160640058,Private Education,Urban,Islamiyya integrated,No,Borehole,First Aid Kit,,No,,2020/2021,97,75,172
GOMBE,GOMBE,BAPTIST ACADEMY NUR/PRI & SEC. SCHOOL,10.285986,11.184285,JEKADAFARI,"JEKADAFARI OPPOSITE OSTRICH, ALONG BAUCHI ROAD",1160640060,Private Education,Urban,Regular,No,Borehole,First Aid Kit,,No,,2020/2021,130,122,252
GOMBE,GOMBE,ASAS NUR. AND PRI. SCHOOL PANTAMI,10.271362,11.16711,PANTAMI,NEAR PANTAMI PRIMARY SCHOOL,1160640061,Private Education,Urban,Islamiyya integrated,No,Pipe borne Water,First Aid Kit,,No,,2020/2021,229,193,422
GOMBE,GOMBE,UMMUL-QURAH NUR./PRI. & SEC. SCHOOLS,,,BOLARI WEST,"M. ABDULMUMINI NAIBI'S RESIDENCE, BOLARI WEST, GOMBE",1160640062,Private Education,Urban,Regular,No,Pipe borne Water,First Aid Kit,,No,,2020/2021,60,55,115
GOMBE,GOMBE,GODLY CHILDREN INTERNATIONAL SCHOOL,10.272675,11.189585,YELENGURUZA,BAMUSA,1160640064,Private Education,Urban,Regular,No,Pipe borne Water,First Aid Kit,,No,,2020/2021,107,103,210
GOMBE,GOMBE,BIRMA INTERNATIONAL NUR/PRI SCHOOL  MADAKI,,,BOLARI EAST,"ADJACENT JACKSON FIVE, MADAKI QUARTERS",1160640066,Private Education,Urban,Regular,No,Other,First Aid Kit,,No,,2020/2021,118,149,267
GOMBE,GOMBE,DARUL-QUR'AN ISLAMIYYA NUR/PRI SCHOOL,10.274768,11.170402,PANTAMI,"OPPOSITE SENATOR GOJE'S HOUSE, PANTAMI",1160640068,Private Education,Urban,Regular,No,Borehole,First Aid Kit,,No,,2020/2021,66,75,141
GOMBE,GOMBE,NURUDDEEN PRIMARY SCHOOL,10.285926,11.152304,JEKADAFARI,"BEHIND HONDA VILLA, DARAZAWA STREET, JEKADAFARI",1160640069,Pre-Primary and Primary,Urban,Regular,No,Other,First Aid Kit,No,Yes,Yes,2020/2021,314,323,637
GOMBE,GOMBE,ECWA GOOD NEWS SCHOOLS,10.5711,11.14328,NEW GRA,"NEAR MINISTRY OF EDUCATION HEADQUARTERS, GOMBE",1160640070,Private Education,Urban,Regular,No,Pipe borne Water,First Aid Kit,,Yes,,2020/2021,339,390,729
GOMBE,GOMBE,MUHD DANKWAMBO MEMORIAL NUR/PRI SCHOOL,10.29,11.169,HERWAGANA,"BEHIND HASSAN CENTRAL PRIMARY SCHOOL, GOMBE",1160640072,Private Education,Urban,Regular,No,Pipe borne Water,First Aid Kit,,No,,2020/2021,47,45,92
GOMBE,GOMBE,DARUL ARQAM ACADEMY,,,BAJOGA WARD,"FEDERAL LOWCOST, BAJOGA AREA",1160640073,Private Education,Urban,Islamiyya integrated,No,Other,First Aid Kit,,No,,2020/2021,531,591,1122
GOMBE,GOMBE,AL-IMAMU MALIK COMMUNITY ISLAMIC ACADEMY,10.14421,11.132001,DAWAKI,LAYIN SARKIN DOKA,1160640074,Private Education,Urban,Islamiyya integrated,No,Borehole,First Aid Kit,,No,,2020/2021,330,276,606
GOMBE,GOMBE,ASAS AL-ISLAM NUR/PRI SCHOOL,,,NASSARAWO,"ALONG BIU ROAD, NASSARAWO, GOMBE",1160640075,Private Education,Urban,Regular,No,Other,First Aid Kit,,No,,2020/2021,92,99,191
GOMBE,GOMBE,SHEIKH ABUBAKAR MAHMUD GUMI SCHOOL GOMBE,10.28351,11.178933,HERWAGANA,"NO.5 PINDIGA STREET, HERWAGANA QUARTERS, GOMBE",1160640076,Private Education,Urban,Regular,No,Other,First Aid Kit,,No,,2020/2021,319,324,643
GOMBE,GOMBE,ECWA NUR/PRI & SECONDARY SCHOOL,,,SHAMAKI,"ADJACENT GSU, GOMBE",1160640077,Private Education,Urban,Regular,No,,,,Yes,,2020/2021,40,46,86
GOMBE,GOMBE,MOONLIGHT INTERNATIONAL SCHOOL,,,SHAMAKI,"BEHIND MUSABA CLINIC, TASHAN DUKKU, GOMBE",1160640078,Private Education,Urban,Regular,No,Other,First Aid Kit,,No,,2020/2021,56,64,120
GOMBE,GOMBE,EVANGEL COLLEGE GOMBE,10.287538,11.151627,JEKADAFARI,BUBA SHONGO,1160640079,Private Education,Urban,Regular,No,Borehole,First Aid Kit,,No,,2020/2021,235,257,492
GOMBE,GOMBE,ETF-CERC NUR/PRI SCHOOL,,,SHAMAKI WARD,"BEHIND MUSABA HOSPITAL, TASHAN DUKKU, GOMBE",1160640081,Private Education,Urban,Regular,No,Borehole,First Aid Kit,,No,,2020/2021,28,31,59
GOMBE,GOMBE,ALHIDAYAH ACADEMY GOMBE  NURSERY AND PRIMARY SCHOOL,,,DAWAKI,ALONG EMIRS DRIVE,1160640082,Private Education,Urban,Regular,No,Pipe borne Water,First Aid Kit,,No,,2020/2021,169,180,349
GOMBE,GOMBE,NURUL AULAD NURSERY / PRIMARY / SECONDARY SCHOOL,10309805.0,11177213.0,SHAMAKI,AJJESENT MALAM INNA,1160640086,Private Education,Urban,Regular,No,Pipe borne Water,First Aid Kit,,No,,2020/2021,83,81,164
GOMBE,GOMBE,IBN MAS'UD ACADEMY,10.27837,11.19754,,NASSARAWO QUATERS FIRST TRANSFORME,1160640087,Private Education,Urban,Regular,No,Other,First Aid Kit,,No,,2020/2021,59,94,153
GOMBE,GOMBE,MADARASATUL JAMIUL KHAIRAT PRIMARY SCHOOL,10.3198,11.18821,,BEHIND URBAN  MATERNITY IDI QUATERS GOMBE,1160640088,Private Education,Urban,Regular,No,No Source of Safe Water,First Aid Kit,,No,,2020/2021,79,63,142
GOMBE,GOMBE,KHALID BIN AL-WALID NURSERY / PRIMARY SCHOOL,10.174703,11.94514,SHAMAKI/BAJOGA,NEAR POLICE BARACK GOMBE,1160640089,Private Education,Urban,Regular,No,Other,First Aid Kit,,No,,2020/2021,54,52,106
GOMBE,GOMBE,ASASUL ISLAMI PRIMARY SCHOOL NASARAWO GOMBE,,,NASSARAWO,NASARAWO,1160640090,Private Education,Urban,Islamiyya integrated,No,Other,First Aid Kit,,No,,2020/2021,106,77,183
GOMBE,GOMBE,SIRAJUDDEEN,1900.0,11.1655,DAWAKI,"BEHIND BUBA GARAGE, DAWAKI QUARTERS GOMBE",1160640092,Private Education,Urban,Islamiyya integrated,Yes,Borehole,First Aid Kit,,No,,2020/2021,93,106,199
GOMBE,GOMBE,IQMIC COMMUNITY NURSERY / PRIMARY /SECONDARY SCHOOL,10.289,11.182,DAWAKI,NO 2 NEW COMMERCIAL AREA GOMBE,1160640093,Private Education,Urban,Regular,No,Other,First Aid Kit,,No,,2020/2021,96,96,192
GOMBE,GOMBE,SAINT JAMES NURSERY AND PRIMARY SCHOOL,10.313,11.14193,BAJOGA,ALONG DUKKU ROAD OPPOSITE MEGA PARK GOMBE,1160640094,Private Education,Urban,Regular,No,Other,First Aid Kit,,No,,2020/2021,327,320,647
GOMBE,GOMBE,MODIBBO HARUNA COMMUNITY SCHOOL,1029778.0,1115802.0,JEKADAFARI,OPPOSITE CHECHENIYA JUMA'AT MASJID,1160640095,Private Education,Urban,Islamiyya integrated,No,Borehole,First Aid Kit,,Yes,,2020/2021,397,369,766
GOMBE,GOMBE,FUDIYA PRIMARY AND SECONDARY SCHOOL,10.294274,11.15782,DAWAKI,"CHECHENIYA QUARTERS, BEHIND MIYYETTI HOSPITAL, GOMBE",1160640097,Private Education,Urban,Regular,No,Pipe borne Water,First Aid Kit,,No,,2020/2021,47,55,102
GOMBE,GOMBE,MODIBBO TUKUR COLLEGE FOR ARABIC AND ISLAMIC STUDIES,10.301147,11.1921115,JEKADAFARI,JANKAI STREET,1160640098,Private Education,Urban,Regular,No,Borehole,First Aid Kit,,No,,2020/2021,83,94,177
GOMBE,GOMBE,DARUSSALAM NUR. & PRI. SCHOOL,10.287159,11.166014,DAWAKI WEST,BEHIND GOMBE LOCAL EDUCATION AUTHORITY,1160640099,Private Education,Urban,Regular,Yes,Well,First Aid Kit,,No,,2020/2021,96,89,185
GOMBE,GOMBE,CALVARY BAPTIST NUR. AND PRI. SCHOOL,,,JEKADAFARI,"FEDERAL LOW COST, GOMBE",1160640100,Private Education,Urban,Regular,No,Other,First Aid Kit,,No,,2020/2021,63,54,117
GOMBE,GOMBE,ASASIL ISLAM PRIMARY SCHOOL ABUJA QUARTERS,,,BOLARI,"ABUJA QUARTERS, GOMBE",1160640101,Private Education,Urban,Regular,No,Pipe borne Water,First Aid Kit,,No,,2020/2021,71,59,130
GOMBE,GOMBE,ATTAUFIQ NUR. AND PRI. SCHOOL GABUKKA,10.25,11.156,PANTAMI,BEHIND GABUKKA PRIMARY SCHOOL,1160640102,Private Education,Urban,Regular,No,Borehole,First Aid Kit,,No,,2020/2021,70,96,166
GOMBE,GOMBE,SCHOOL FOR ARABIC AND ISLAMIC STUDIES JIBWIS,10.027851,11.267451,PANTAMI WARD,"OPPOSITE ALHAJI IBRAHIM MAI ZARE'S HOUSE, PANTAMI, GOMBE",1160640103,Private Education,Urban,Regular,No,Pipe borne Water,First Aid Kit,,No,,2020/2021,0,393,393
GOMBE,GOMBE,ASASIL ISLAM PRIMARY SCHOOL SHAMAKI (OLD ASAS HERWAGANA),10.2889955,11.174335,SHAMAKI WARD,"NEW COMMERCIAL AREA, HERWAGANA, GOMBE",1160640104,Private Education,Urban,Regular,Yes,Borehole,First Aid Kit,,Yes,,2020/2021,36,27,63
GOMBE,GOMBE,POLICE CHILDREN SCHOOL I I,,,AJJIYA WARD,"ALONG EMIR'S DRIVE, OPP. DABARE FUR. POL. BARRACK, GOMBE",1160640105,Private Education,Urban,Regular,Yes,No Source of Safe Water,First Aid Kit,,Yes,,2020/2021,153,165,318
GOMBE,GOMBE,ASAS NUR. AND PRI. SCHOOL JEKADAFARI,10.293797,11.15955,JEKADAFARI,ALHAJI BABA STREET JEKADAFARI GOMBE,1160640106,Private Education,Urban,Islamiyya integrated,No,Borehole,First Aid Kit,,No,,2020/2021,73,85,158
GOMBE,GOMBE,AL-AHFAD INTERNATIONAL COLLEGE NASSARAWO,,,NASSARAWO,NASSARAWO MAIN STREET,1160640107,Private Education,Urban,Regular,Yes,Other,First Aid Kit,,No,,2020/2021,292,273,565
GOMBE,GOMBE,MIFTAHUL KHAIRAT SCIENCE ACADEMY FOUDATION (MIKSAF),10.2946,11.1863,BAJOGA,UNGUWA UKU LINE TRANSFORMER ALONG RAIL LINE,1160640109,Private Education,Urban,Regular,No,Borehole,First Aid Kit,,No,,2020/2021,365,393,758
GOMBE,GOMBE,REVIVAL MODEL NURSEARY AND PRIMARY SCHOOL,10.278,11.19,HERWAGANA,AFTER IGBO TIMBER SHADE RAIL WAY STATION,1160640110,Private Education,Urban,Regular,No,Other,First Aid Kit,,No,,2020/2021,211,223,434
GOMBE,GOMBE,ROYAL MODEL ACADEMY,10.279515,11.189445,HERWAGANA,DOMINION ARENA IGBO TIMBER MARKET RAIL WAY GOMBE,1160640111,Private Education,Urban,Regular,No,Borehole,First Aid Kit,,No,,2020/2021,64,82,146
GOMBE,GOMBE,ASAS PRIMARY SCHOOL ARAWA,,,SHAMAKI,KASUWAN MATA,1160640112,Private Education,Urban,Islamiyya integrated,No,Other,First Aid Kit,,No,,2020/2021,68,62,130
GOMBE,GOMBE,FCE(T) DEMONSTRATION SCHOOL,10.182173,11.91315,BAJOGA,"ALONG TASHAN DUKKU ROAD OPPOSITE SUBEB HQTRS, GOMBE",1160640115,Private Education,Urban,Regular,No,Pipe borne Water,First Aid Kit,,No,,2020/2021,576,417,993
GOMBE,GOMBE,JIBWIS ISLAMIC SCIENCE SECONDARY SCHOOL GOMBE,10284535.0,11183656.0,HERWAGANA,COMMERCIAL AREA,1160640117,Private Education,Urban,Regular,No,Borehole,First Aid Kit,,No,,2020/2021,584,597,1181
GOMBE,GOMBE,COVENANT ACE NURSERY AND PRIMARY SCHOOL,10.271625,11.191325,GOMBE,ALONG YELANGURUZA,1160640118,Private Education,Urban,Regular,No,Other,First Aid Kit,,No,,2020/2021,148,117,265
GOMBE,GOMBE,NANA MAIMUNAT MEMORIAL NURSERY,10.00270438,11.185137,BOLARI EAST,JACKSON FIVE STREET NEAR GASKIYA BREAD,1160640119,Private Education,Urban,Regular,Yes,Other,First Aid Kit,,No,,2020/2021,252,223,475
GOMBE,GOMBE,YOUNG TALENT NURSERY AND PRIMARY SCHOOL,10.185693,11.17623,HERWAGANA,"AMBASSADOR ALI DALA STREET, NEAR MARKET, GOMBE",1160640121,Private Education,Urban,Islamiyya integrated,No,Borehole,First Aid Kit,,No,,2020/2021,168,178,346
GOMBE,GOMBE,ASMAÃš MEMORIAL ACADEMY,,,PANTAMI,PLATO JUNCTION GRA ROAD,1160640122,Private Education,Urban,Regular,No,Borehole,First Aid Kit,,No,,2020/2021,215,190,405
GOMBE,GOMBE,JIBWIS ISLAMIC SCIENCE SECONDARY SCHOOL BOLARI,,,BOLARI,YUSUF MAITAMA STREET,1160640124,Private Education,Urban,Regular,No,Borehole,First Aid Kit,,No,,2020/2021,497,490,987
GOMBE,GOMBE,HARUNA MEMORIAL COMMUNITY SCHOOL FOR ARABIC,,,BOLARI WEST,"A. A. HARUNA STREET, BOLARI",1160640128,Private Education,Urban,Islamiyya integrated,No,Borehole,First Aid Kit,,No,,2020/2021,44,51,95
GOMBE,GOMBE,AMANA ACADEMY JAURO KUNA,10308056.0,111704069.0,SHAMAKI,GOMBE STATE UNIVERSITY SECOND GATE,1160640129,Private Education,Urban,Regular,No,Other,First Aid Kit,,No,,2020/2021,239,282,521
GOMBE,GOMBE,MALLAM DAUDU NURSERY AND PRIMARY SCHOOL,10.3165145,11.1753622,SHAMAKI WARD,BEHIND DURBIN GOMBE RESIDENCE,1160640130,Private Education,Urban,Regular,No,Pipe borne Water,First Aid Kit,,No,,2020/2021,128,162,290
GOMBE,GOMBE,APOSTOLIC CHURCH ACADEMY NUR/PRI/JSS/SSS SCHOOLS,10.285973,11.179012,HERWAGANA,OPPOSITE COCA COLA DEPOT,1160640132,Private Education,Urban,Regular,No,Pipe borne Water,First Aid Kit,,No,,2020/2021,21,19,40
GOMBE,GOMBE,MATRIX INTERNATIONAL ACADEMY,10.31052,11.144594,BAJOGA WARD,FCE ROUNDABOUT,1160640133,Private Education,Urban,Regular,No,No Source of Safe Water,Health Clinic,,No,,2020/2021,228,199,427
GOMBE,GOMBE,SARDAUNA MEMORIAL NURSERY PRIMARY SCHOOL,,,JEKADAFARI,ADJACENT SABANA HOSPITAL,1160640134,Private Education,Urban,Regular,No,Borehole,First Aid Kit,,No,,2020/2021,49,47,96
GOMBE,GOMBE,GURAMA SCIENCE ACADEMY,10.269847,11.17859,PANTAMI,NEAR MANAWASHI PRIMARY SCHOOL,1160640135,Private Education,Urban,Regular,No,Pipe borne Water,First Aid Kit,,No,,2020/2021,180,214,394
GOMBE,GOMBE,HOPE RISING NURSERY AND PRIMARY SCHOOL,10.280014,11.167587,BOLARI WEST,BOLARI QUARTERS GOMBE   NEAR NYSC ZONAL OFFICE,1160640136,Private Education,Urban,Regular,No,Borehole,First Aid Kit,,No,,2020/2021,69,61,130
GOMBE,GOMBE,EMMANUEL BAPTIST ACADEMY,10281005.0,11207903.0,NASSARAWO,EMMNAUEL BAPTIST CHURCH STREET,1160640138,Private Education,Urban,Regular,No,Other,First Aid Kit,,No,,2020/2021,57,67,124
GOMBE,GOMBE,AL-QURA INTERNATIONAL NURSERY AND PRIMARY SCHOOL,10.280543,11.20704,NASSARAWO,ALONG NASSARAWO STREET,1160640139,Private Education,Urban,Islamiyya integrated,No,Other,First Aid Kit,,No,,2020/2021,234,243,477
GOMBE,GOMBE,ZAID BIN THABIT NURSERY AND PRIMARY SCHOOL,10.7708231,11.89091,NASSARAWO,ALONG NASSARAWO,1160640140,Private Education,Urban,Islamiyya integrated,No,Other,First Aid Kit,,No,,2020/2021,310,272,582
GOMBE,GOMBE,SHEIKH DAHIRU USMAN BAUCHI FOUNDATION SCHOOL,,,NASSARAWO,"BESIDE NASSARAWO,STREET",1160640142,Private Education,Urban,Islamiyya integrated,Yes,Other,No Health facility,,No,,2020/2021,130,102,232
GOMBE,GOMBE,ECWA NURSERY AND PRIMARY SCHOOL GOMBE,10.309488,11.17551,SHAMAKI WARD,"ALONG G.S.U, MALLAM INNA QUARTERS",1160640143,Private Education,Urban,Regular,No,Other,First Aid Kit,,No,,2020/2021,44,51,95
GOMBE,GOMBE,SHEIKH DAHIRU BAUCHI FOUNDATION BOLARI,10.27854,11.174256,BOLARI,"ABUJA QUARTERS NEAR LABOUR HOUSE, YUSUF MAITAMA STREET",1160640144,Private Education,Urban,Regular,No,No Source of Safe Water,No Health facility,,No,,2020/2021,127,105,232
GOMBE,GOMBE,NEW GENERATION ACADEMY,10303018.0,11163845.0,SHAMAKI WARD,"KASUWAN MATA, OPPOSITE ATC, GOMBE",1160640145,Private Education,Urban,Regular,No,Pipe borne Water,First Aid Kit,,No,,2020/2021,99,105,204
GOMBE,GOMBE,YAHAYA AHMED MODEL SCHOOL GOMBE,10.28,11.149,JEKADAFARI,"BAUCHI ROAD, NEAR TASHAN BAUCHI, BUBA SHONGO AREA, GOMBE",1160640146,Private Education,Urban,Regular,No,Pipe borne Water,Health Clinic,,No,,2020/2021,147,136,283
GOMBE,GOMBE,KWAINE II COLLEGE YELENGURUZA GOMBE,,,GOMBE,ALONG DAN GUSAU JUNCTION YELENGURUZA,1160640149,Private Education,Urban,Science and Technology College,No,Other,First Aid Kit,,Yes,,2020/2021,327,341,668
GOMBE,GOMBE,LIN KHON INTERNATIONAL BASIC SCHOOL GOMBE,10304472.0,11146490.0,BAJOGA WARD,"OPPOSITE DONKAY HOTELS, FEDERAL LOWCOST, GOMBE",1160640150,Private Education,Urban,Regular,No,Borehole,First Aid Kit,,No,,2020/2021,64,56,120
GOMBE,GOMBE,IMAM NAFI'U LITTAHFZUL QUR'AN NURSERY AND PRIMARY SCHOOL,,,NASSARAWO,SABON GARIN NASSARAWO JUNCTION NEAR RAIL,1160640152,Private Education,Urban,Regular,Yes,No Source of Safe Water,First Aid Kit,,Yes,,2020/2021,67,54,121
GOMBE,GOMBE,ROYAL TRUST ACADEMY,10.275314,11.17253,BOLARI,NEAR JAURO BAPPI HOUSE,1160640154,Private Education,Urban,Regular,No,Borehole,First Aid Kit,,No,,2020/2021,478,447,925
GOMBE,GOMBE,DAHA QURANIC MEMORIZATION COMMUNITY SCHOOL,10.183002,11.182515,SHAMAKI WEST,BEHIND ARABIC COLLEGE,1160640155,Private Education,Urban,Regular,No,Borehole,First Aid Kit,,No,,2020/2021,80,84,164
GOMBE,GOMBE,GOMBE CAPITAL SCHOOL,,,GOMBE,"1ST STREET BY ORJI QTRS, OPP NNPC MEGA STATION GOMBE",1160640157,Private Education,Urban,Regular,No,Other,First Aid Kit,,Yes,,2020/2021,25,33,58
GOMBE,GOMBE,GAMBO ISARI MEMORIAL ISLAMIIYYA NURSERY AND PRIMARY,10.284107,11.155861,JEKADAFARI,OPPOSITE PDP SECRETARIAT GOMBE,1160640158,Private Education,Urban,Regular,No,Other,First Aid Kit,,No,,2020/2021,25,28,53
GOMBE,GOMBE,MANARUSSABEEL INTERNATIONAL ACADEMY GOMBE,10.267233,11.172255,PANTAMI,TUDUN WADAN PANTAMI,1160640159,Private Education,Urban,Regular,No,Borehole,First Aid Kit,,No,,2020/2021,111,87,198
GOMBE,GOMBE,IQRA'A MODEL SCHOOL IQMOS,10.28693,11.588247,JEKADAFARI,NAMADI SAMBO STREET BEHIND AYU RESIDENCE GOMBE,1160640161,Private Education,Urban,Regular,No,Pipe borne Water,First Aid Kit,,No,,2020/2021,52,73,125
GOMBE,GOMBE,FUDIYYA NURSERY AND PRIMARY SCHOOL,,,TUDUN WADAN PANTAMI,TUDUN WADAN PANTAMI,1160640162,Private Education,Urban,Regular,No,Borehole,First Aid Kit,,No,,2020/2021,154,181,335
GOMBE,GOMBE,DIOCESAN ACADEMY,10.278737,11.177547,GOMBE,BOLARI STREET,1160640164,Private Education,Urban,Regular,No,Borehole,First Aid Kit,,No,,2020/2021,97,79,176
GOMBE,GOMBE,NANA MARYAM COMMUNITY ACADEMY,,,DAWAKI,UNGUWA UKU NEAR PZ,1160640165,Private Education,Urban,Regular,Yes,Borehole,First Aid Kit,,No,,2020/2021,160,191,351
GOMBE,GOMBE,ALHIDAYYAH ACADEMY GOMBE,10.2867,11.1786,JEKADAFARI,GOVERNMENT HOUSE BEHIND TREASURY HOUSE,1160640166,Private Education,Urban,Regular,No,Pipe borne Water,First Aid Kit,,No,,2020/2021,152,166,318
GOMBE,GOMBE,BRILLIANT INTERNATIONAL ACADEMY GOMBE,10.3014183,11.19266,SHAMAKI,KAGARAWAL ALONG MATERNITY,1160640167,Private Education,Urban,Regular,No,Pipe borne Water,First Aid Kit,,No,,2020/2021,77,54,131
GOMBE,GOMBE,UMMUNA AISHA NURSERY AND PRIMARY SCHOOL,10.270797,11.184552,BOLARI,MADAKI QUATERS NEAR MAI UNGUWA HOUSE,1160640168,Private Education,Urban,Regular,No,Borehole,First Aid Kit,,No,,2020/2021,81,89,170
GOMBE,GOMBE,AL-IMANI INTERNATIONAL ACADEMY GOMBE,,,DAWAKI,RAILWAY JUNCTION,1160640169,Private Education,Urban,Regular,No,Pipe borne Water,First Aid Kit,,No,,2020/2021,31,39,70
GOMBE,GOMBE,UNCLE LEE ACADEMY,,,NASSARAWO,NEAR SABON GARI PRIMARY SCHOOL NASSARAWO,1160640170,Private Education,Urban,Regular,No,No Source of Safe Water,First Aid Kit,,No,,2020/2021,65,48,113
GOMBE,GOMBE,KINGDOM HERITAGE MODEL SCHOOL,10.279,11.19,HERWAGANA,"GINDIN DUTSE, RAILWAY LINE",1160640171,Private Education,Urban,Regular,No,Other,First Aid Kit,,No,,2020/2021,77,61,138
GOMBE,GOMBE,ALJAMBAWI ACADEMY GOMBE,,,SHAMAKI,ALONG GCDSS GOMBE,1160640172,Private Education,Urban,Islamiyya integrated,Yes,Pipe borne Water,First Aid Kit,,Yes,,2020/2021,215,234,449
GOMBE,GOMBE,PEN RESOURCE ACADEMY JUNIOR AND SENIOR SECONDARY,,,GOMBE,NEW GRA OFF BAUCHI PARK GOMBE,1160640174,Private Education,Urban,Regular,No,Pipe borne Water,First Aid Kit,,No,,2020/2021,568,573,1141
GOMBE,GOMBE,LIGHT ACADEMY,10.264676,11.120453,PANTAMI,BEHIND KUBALUS HOUSE,1160640175,Private Education,Urban,Regular,No,Borehole,First Aid Kit,,No,,2020/2021,93,100,193
GOMBE,GOMBE,KAGARAWAL INTERNATIONAL SCHOOL GOMBE,11.187688,10.361234,SHAMAKI,CHURCH STREET KAGARAWAL,1160640176,Private Education,Urban,Regular,No,Other,No Health facility,,No,,2020/2021,69,64,133
GOMBE,GOMBE,NURUDDEEEN COMMUNITY SCHOOL GOMBE,10.28508,11.163796,JEKADAFARI,DARAZAWA QUATERS,1160640177,Private Education,Urban,Regular,No,Pipe borne Water,First Aid Kit,,No,,2020/2021,164,205,369
GOMBE,GOMBE,MU'AZ IBN JABAL NURSERY AND PRIMARY SCHOOL,,,BAJOGA,KAGARAWAL MARKET,1160640178,Private Education,Urban,Regular,No,Other,First Aid Kit,,No,,2020/2021,41,27,68
GOMBE,GOMBE,ONWARD INTERNATIONAL SCHOOL,10.2755,11.1927,GOMBE,OFF OLD KWATA,1160640179,Private Education,Urban,Regular,No,No Source of Safe Water,First Aid Kit,,No,,2020/2021,245,260,505
GOMBE,GOMBE,ALL SAINTS COLLEGE,10.18059,11.8445,SHAMAKI,GOODLUCK EBELE JONATHAN,1160640180,Private Education,Urban,Regular,No,No Source of Safe Water,Health Clinic,,No,,2020/2021,247,215,462
GOMBE,GOMBE,"NURAIN INTEGRATED SCHOOL, GOMBE",1031961.0,11160472.0,SHAMAKI,BEHIND FCET GOMBE,1160640181,Private Education,Urban,Islamiyya integrated,No,Borehole,First Aid Kit,,No,,2020/2021,330,308,638
GOMBE,GOMBE,"HAMDAN COLLEGE NURSERY AND PRIMARY SCHOOL, GOMBE",10.2,11.18,SHAMAKI,ALFAZAZY IDI QUATERS GOMBE,1160640182,Private Education,Urban,Regular,Yes,Other,First Aid Kit,,No,,2020/2021,145,137,282
GOMBE,GOMBE,"JIBWIS SOLID FOUNDATION, GOMBE",,,PANTAMI,BEHIND MALAM KURI JUMAAH MOSQUE PANTAMI GOMBE,1160640183,Private Education,Urban,Regular,No,Borehole,First Aid Kit,,No,,2020/2021,147,138,285
GOMBE,GOMBE,IQRA STANDARD ACADEMY NURSERY AND PRIMARY,10.270472,11.190115,BAMUSA EAST,ALOND CID ABATOUR BAMUSA QUATERS GOMBE,1160640184,Private Education,Urban,Regular,No,Borehole,First Aid Kit,,No,,2020/2021,220,189,409
GOMBE,GOMBE,TRUTH AND LIGHT ACADEMY INTERNATIONAL,10.274675,11.188948,NASARAWO,"NEAR ALD KWATA YALANGURUZA GOMBE, GOMBE STATE",1160640185,Private Education,Urban,Regular,No,Pipe borne Water,First Aid Kit,,No,,2020/2021,19,33,52
GOMBE,GOMBE,AL-ANSAR ISLAMIC SCIENCE ACADEMY,10.296036,11.192046,DAWAKI,UNGUWA UKU BEHIND RAILWAY,1160640186,Private Education,Urban,Regular,No,Borehole,First Aid Kit,,No,,2020/2021,126,138,264
GOMBE,GOMBE,IMAMUL BUKHARI ACADEMY GOMBE,10294815.0,11184385.0,BAJOGA,IDI QUATERS BEHING URBAN MATERNITY GOMBE,1160640187,Private Education,Urban,Regular,No,Borehole,First Aid Kit,,No,,2020/2021,249,221,470
GOMBE,GOMBE,TALENT HARVEST ACADEMY GOMBE,10.18514,11.9218,BAJOGA,FEDERAL LOEWCOST OPPOSITE MIYETTI HOSPITAL GOMBE,1160640188,Private Education,Urban,Regular,No,Pipe borne Water,First Aid Kit,,No,,2020/2021,222,167,389
GOMBE,GOMBE,AL IKHLAS ACADEMY NURSERY AND PRIMARY SCHOOL,,,KUMBIYA KUMBIYA,OPPOSITE GARBA TABACO KUMBIYA KUMBIYA GOMBE,1160640190,Private Education,Urban,Islamiyya integrated,No,No Source of Safe Water,No Health facility,,No,,2020/2021,18,15,33
GOMBE,GOMBE,MADARSATUL UMMUNA AISHA NURSERY AND PRIMARY SCHOOL,10.2882,11.164,DAWAKI,DAWAKI WEST BEHIND GANGA HOUSE GOMBE,1160640191,Private Education,Urban,Regular,No,Pipe borne Water,First Aid Kit,,No,,2020/2021,23,22,45
GOMBE,GOMBE,WISE FOUNDATION,10.18868,11.83784,BAJOGA WARD GOMBE,ADJECENT DONKEY HOETEL FEDERAL LOWCOST GOMBE,1160640192,Private Education,Urban,Regular,No,Pipe borne Water,First Aid Kit,,No,,2020/2021,44,38,82
GOMBE,GOMBE,"ECWA 1 NURSERY, PRIMARY AND SECONARY SCHOOL",10.27966,11.16703,BOLARI,OPPOSITE JAMILA GEST INN BOLARI GOMBE,1160640193,Private Education,Urban,Regular,No,Pipe borne Water,First Aid Kit,,No,,2020/2021,87,100,187
GOMBE,GOMBE,HANAN ACADEMY GOMBE,,,DAWAKI,ANGUWA UKU,1160640197,Private Education,Urban,Regular,No,Borehole,First Aid Kit,,No,,2020/2021,98,94,192
GOMBE,GOMBE,ASASSUL ISLAM URSERY AND PRIMARY SCHOOL KAGARAWAL,,,SHAMAKI,IZALA JUMMA'A MOSQUE KAGARAWAL,1160640198,Private Education,Urban,Regular,No,Borehole,First Aid Kit,,No,,2020/2021,58,46,104
GOMBE,GOMBE,MUSAB BIN UMAIR ACADEMY SCHOOL GOMBE,,,NASARAWO,YELENGURUZA GOMBE,1160640202,Private Education,Urban,Islamiyya integrated,No,Other,First Aid Kit,,No,,2020/2021,40,27,67
GOMBE,GOMBE,AL-YAQEEN NURSERY AND PRIMARY SCHOOL,10.273767,11.174076,BOLARI EAST,ABUJA QUARTERS ALONG SEN. HARUNA GARBA HOUSE,1160640203,Private Education,Urban,Regular,No,Pipe borne Water,First Aid Kit,,No,,2020/2021,38,28,66
GOMBE,GOMBE,SUCCESS ACADEMY,,,SHAMAKI,MALAM INNA LAYIN GIDAN SAMA,1160640204,Private Education,Urban,Regular,No,Pipe borne Water,No Health facility,,No,,2020/2021,28,23,51
GOMBE,GOMBE,CROWN MODEL ACADEMY,,,SHAMAKI,MALAM INNA SABON FEGI QUARTERS,1160640205,Private Education,Urban,Regular,No,Borehole,First Aid Kit,,No,,2020/2021,148,141,289
GOMBE,GOMBE,YOUNG TALENT ACADEMY ABUJA QUARTERS,,,PANTAMI,NO. 3 ALONG HARUNA GARBA STREET,1160640206,Private Education,Urban,Regular,Yes,Borehole,First Aid Kit,,No,,2020/2021,57,56,113
GOMBE,GOMBE,EMANCIPATION NURSERY / PRIMARY ACADEMY,,,SHAMAKI,ALONG KURBA ROAD,1160640207,Private Education,Urban,Regular,No,Borehole,First Aid Kit,,No,,2020/2021,190,170,360
GOMBE,GOMBE,KAIDUN BIL KHAIRI SCHOOL FOR SCIENCE AND ISLAMIC STUDIES,,,BOLARI,DANJUMA GOJE STREET BOLARI,1160640208,Private Education,Urban,Regular,No,Borehole,First Aid Kit,,No,,2020/2021,61,65,126
GOMBE,GOMBE,AL IMAN MODEL SCHOOL GOMBE,,,BOMALA,NO. 3 ALONG BYPASS QUARTERS GOMBE,1160640209,Private Education,Urban,Regular,No,Borehole,First Aid Kit,,No,,2020/2021,17,23,40
GOMBE,GOMBE,BOOK PLANET ACADEMY GOMBE,,,NASSARAWO,NASARAWO 3RD TRANSFORMER,1160640210,Private Education,Urban,Regular,No,No Source of Safe Water,First Aid Kit,,No,,2020/2021,64,59,123
GOMBE,GOMBE,SPRING  ACADEMY NURSERY AND PRIMARY SCHOOL,10.17498,11.85992,JEKADAFARI,FEDERAL LOWCOST BEHIND OLD NIMC OFFICE,1160640211,Private Education,Urban,Regular,No,Pipe borne Water,First Aid Kit,,No,,2020/2021,41,32,73
GOMBE,GOMBE,DARUL ILMI FOUNDATION NURSERY AND PRIMARY SCHOOL,,,PANTAMI,JUSTICE MUAZU STREET MANAWACHI QUARTERS GOMBE,1160640212,Private Education,Urban,Islamiyya integrated,Yes,Other,First Aid Kit,,No,,2020/2021,252,390,642
GOMBE,GOMBE,ABU ABDULKARIM CENTER FOR LEARNING,10.310424,11.181734,SHAMAKI,MALAM INNA LAYIN GIDAN SAMA,1160640213,Private Education,Urban,Islamiyya integrated,No,Pipe borne Water,First Aid Kit,,No,,2020/2021,40,40,80
GOMBE,GOMBE,ALQALAM INTERNATIONAL SCHOOL GOMBE,,,PANTAMI,TUDUN WADAN PANTAMI NEAR AIRTEL MASK,1160640215,Private Education,Urban,Regular,No,Borehole,First Aid Kit,,No,,2020/2021,42,30,72
GOMBE,GOMBE,HALQAH MODEL ACADEMY,,,SHAMAKI,ALONG GWAMNAN YOBE ROAD T/WADA,1160640216,Private Education,Urban,Islamiyya integrated,No,Other,First Aid Kit,,No,,2020/2021,40,41,81
GOMBE,GOMBE,AL-FARHAN ACADEMY,,,SHAMA,ALONG KURBA ROAD,1160640217,Private Education,Urban,Regular,No,Borehole,First Aid Kit,,No,,2020/2021,65,51,116
GOMBE,GOMBE,EMERALD ACADEMY GOMBE,,,,NO2 MUHAMMADU INDIMI,1160640218,Private Education,Urban,Regular,No,Other,First Aid Kit,,No,,2020/2021,32,31,63
GOMBE,GOMBE,MIFTAHUL ILMU GABUKKA,,,PANTAMI,TIKE STREET PANTAMI,1160640219,Private Education,Urban,Islamiyya integrated,No,No Source of Safe Water,First Aid Kit,,No,,2020/2021,73,83,156
GOMBE,GOMBE,USMAN FARUK ACADEMY,,,BOLARI EAST,BIU ROAD BEHIND DOMA PLAZA,1160640220,Private Education,Urban,Regular,No,Pipe borne Water,Health Clinic,,No,,2020/2021,42,34,76
GOMBE,GOMBE,TSANGAYA ALMAJIRI SCHOOL,10.306643,11.183617,SHAMAKI,ALMAJIRI SCHOOL LINE ONE,1160640221,Private Education,Urban,Islamiyya integrated,No,Borehole,First Aid Kit,,No,,2020/2021,357,237,594
GOMBE,GOMBE,ALYUSRAH MODEL ACADEMY GOMBE,,,BAJOGA,317 BEHIND ZAINAB BULKACHUWA HOSPITAL IDI QUARTERS GOMBE,1160640222,Private Education,Urban,Islamiyya integrated,Yes,Other,First Aid Kit,,No,,2020/2021,194,196,390
GOMBE,GOMBE,AHAJAS INTEGRATED SCHOOL,,,PANTAMI,NEAR PANTAMI STADIUM GOMBE,1160640223,Private Education,Urban,Special needs,No,Borehole,First Aid Kit,,No,,2020/2021,9,12,21
GOMBE,GOMBE,RAMADAN LIGHT MODEL SCHOOL,,,BOLARI EAST,ALONG MADAKI PRIMARY SCHOOL,1160640224,Private Education,Urban,Regular,No,Borehole,First Aid Kit,,No,,2020/2021,60,67,127
GOMBE,GOMBE,ANSAR COLLEGE FOR ARABIC AND ISLAMIC EDUCATION,10.288153,11.169035,HERWAGANA,SHEIK MANZO STREET HERWAGANA QTRS GOMBE,1160640225,Private Education,Urban,Islamiyya integrated,No,Borehole,First Aid Kit,,No,,2020/2021,101,94,195
GOMBE,GOMBE,DANKELLORI INTERNATIONAL ACADEMY,,,SHAMAKI,TUDUN WADA TASHAN DUKKU OPP GAC STAFF QUARTERS GOMBE,1160640226,Private Education,Urban,Regular,No,Other,First Aid Kit,,No,,2020/2021,15,24,39
GOMBE,GOMBE,3 R'S AND SKILLS SUCCESS ACADEMY,10.266273,11.166928,MALAM KURI,BESIDE JIBWIS JUMU'AT MOSQUE MALAM KURI PANTAMI GOMBE,1160640227,Private Education,Urban,Islamiyya integrated,Yes,Other,First Aid Kit,,Yes,,2020/2021,57,52,109
GOMBE,GOMBE,ALHASAAN ACADEMY SCHOOL,,,BAJOGA,FEDERAL LOWCOST NEAR SAVANAH HOSPITAL,1160640228,Private Education,Urban,Regular,No,Other,First Aid Kit,,No,,2020/2021,21,33,54
GOMBE,GOMBE,IMAMU ASIM INTEGRATED SCHOOL GOMBE,,,PANTAMI,MAI TUKUNYA STREET NEAR TIKE PANTAMI,1160640229,Private Education,Urban,Islamiyya integrated,Yes,Borehole,First Aid Kit,,No,,2020/2021,45,35,80
GOMBE,GOMBE,IMAMU ASIM INTEGRATED SCHOOL GOMBE,,,PANTAMI,MAI TUKUNYA STREET NEAR TIKE PANTAMI,1160640230,Private Education,Urban,Islamiyya integrated,Yes,Pipe borne Water,First Aid Kit,,No,,2020/2021,45,35,80
GOMBE,GOMBE,ABU-NUSAIBA ISLAMIC RESOURCE,,,JEKADAFARI,OPPOSITE LIBERTY JUNCTION,1160640231,Private Education,Urban,Islamiyya integrated,No,Borehole,First Aid Kit,,No,,2020/2021,54,43,97
GOMBE,GOMBE,NURUL ISLAM ACADEMY TUDUN WADAN PANTAMI,,,PANTAMI,DANJUMA GOJE STREET,1160640233,Private Education,Urban,Regular,No,Borehole,No Health facility,,No,,2020/2021,40,21,61
GOMBE,GOMBE,MAITAKOBI MODEL SCHOOL TUDUN WADAN PANTAMI,,,PANTAMI,TUDUN WADAN PANTAMI GOMBE,1160640235,Private Education,Urban,Regular,No,No Source of Safe Water,First Aid Kit,,No,,2020/2021,88,95,183
GOMBE,GOMBE,KWAINE COMMUNITY COLLEGE FOR ARABIC AND ISLAMIC STUDIES UNGUWA UKU,,,DAWAKI,UNGUWA UKU NEAR MODIBBO JUMMA'AT MOSQUE GOMBE,1160640237,Private Education,Urban,Regular,Yes,Borehole,First Aid Kit,,Yes,,2020/2021,182,161,343
GOMBE,GOMBE,LABAK COMMUNITY SCIENCE ACADEMY,,,SHAMAKI,KAGARAWAL NEAR DISTRICT HEAD PALACE,1160640239,Private Education,Urban,Regular,No,Borehole,First Aid Kit,,Yes,,2020/2021,106,86,192
GOMBE,GOMBE,STANDARD INTERNATIONAL SCHOOL KAGARAWAL,,,SHAMAKI,NEAR GIDAN BLOCK KAGARAWAL,1160640241,Private Education,Urban,Regular,No,Borehole,First Aid Kit,,No,,2020/2021,163,154,317
GOMBE,GOMBE,ANSAR COMMUNITY ACADEMY YALANGURUZA,,,NASSARAWA,Y.D STREET YALANGURUZA GOMBE,1160640242,Private Education,indeterminate,indeterminate,,No Source of Safe Water,First Aid Kit,,,,2020/2021,6,14,20
GOMBE,GOMBE,GRASS ROOT CHILD COMMUNITY ACADEMY YALANGURUZA,,,NASSARAWO,ADJECENT YALANGURUZA PRIMARY SCHOOL,1160640244,Private Education,Urban,Regular,No,Borehole,First Aid Kit,,No,,2020/2021,100,92,192
GOMBE,GOMBE,DAUHATUL QUR'AN INTERNATIONAL ACADEMY NASSARAWO,10.281107,11.167975,NASSARAWO,OPPOSITE MATERNITY NASSARAWO QUARTERS,1160640245,Private Education,Urban,Regular,No,Borehole,First Aid Kit,,No,,2020/2021,36,22,58
GOMBE,GOMBE,UMAR BIN KHADDAB ACADEMY GOMBE,,,SHAMAKI,KAGARAWAL NEAR DAGACHI HOUSE SHAMAKI WARD GOMBE,1160640248,Private Education,Urban,Islamiyya integrated,No,Borehole,First Aid Kit,,No,,2020/2021,46,49,95
GOMBE,GOMBE,EXCELLENT ISLAMIC ACADEMY GOMBE,,,SHAMAKI,KAGARAWAL NEAR MARKET,1160640249,Private Education,Urban,Islamiyya integrated,No,Borehole,No Health facility,,No,,2020/2021,28,22,50
GOMBE,GOMBE,HAMDAN COLLEGE TUDUN WADA GOMBE,,,SHAMAKI,TUDUN WADA BEHIND AA ALIYU,1160640251,Private Education,Urban,Islamiyya integrated,No,Borehole,First Aid Kit,,No,,2020/2021,135,140,275
GOMBE,GOMBE,DANEJO MEMORIAL NURSERY AND PRIMARY SCHOOL,,,PANTAMI,CONER PLATEAU PANTAMI,1160640252,Private Education,Urban,Regular,Yes,Other,First Aid Kit,,No,,2020/2021,29,9,38
GOMBE,GOMBE,GSTC GOMBE,,,SHAMAKI WARD,IDI STREET,1160650001,Science and Vocational,Urban,Vocational Training Centre,No,Borehole,Health Clinic,No,No,No,2020/2021,850,584,1434
GOMBE,GOMBE,GJSTC BOLARI,10.278095,11.177451,BOLARI EAST,"KAMARA, ALONG MIYETTI ROAD, BOLARI",1160650002,Science and Vocational,Urban,Vocational Training Centre,No,Pipe borne Water,First Aid Kit,Yes,Yes,No,2020/2021,888,660,1548
